epoch,eval_reward_mean,eval_reward_std,eval_reward_1,eval_reward_2,eval_reward_3,eval_reward_4,eval_reward_5
10,276.33640200416784,5.03282733395383,278.87194652238406,284.968247471408,274.163718877801,272.35677677779364,271.3213203714524
20,496.804241236992,4.123532121248956,502.03171533437717,489.37844877290644,498.23059273112955,496.8613921890504,497.51905715749683
30,438.69258511634814,0.5964282294756349,438.2942897451947,438.232350190521,438.8247394577979,438.30513936499125,439.80640682323633
40,505.40818682575707,2.214558580234994,507.68590387904055,505.3667459307667,506.19557521424673,501.2373714681959,506.55533763653546
50,604.9095094438364,0.3372788459296906,604.6815211784002,605.0018263503005,605.3426224540852,605.132582507039,604.3889947293574
60,676.0855200878087,0.6595984573665783,676.1922325151834,676.4531674825898,676.9949902101014,675.0441985366273,675.7430116945417
70,649.1972274026245,0.10714257359036715,649.2221023351223,649.1808941151762,649.3655939943761,649.0296640385882,649.1878825298606
80,636.3007498419431,10.713934120647323,638.2244059514909,615.3188383410586,640.2244513864068,643.6704606155403,644.0655929152192
90,656.2661166353903,44.97185927847896,617.1095382024444,652.5400810496603,699.109218730959,714.293145767158,598.2785994267301
100,642.8339130284936,45.24234457749634,623.4020812503906,581.2233721585178,719.8610340873386,652.5763749727882,637.1067026734324
