epoch,eval_reward_mean,eval_reward_std,eval_reward_1,eval_reward_2,eval_reward_3,eval_reward_4,eval_reward_5
10,-29.07174099600254,52.49320184026002,-62.40601503759481,-53.94736842105339,-55.83596214511115,75.54858934169614,-48.7179487179495
20,226.69939417715074,20.04935862197861,205.6478405315658,255.8052434456962,237.16475095785796,202.63157894737185,232.2475570032618
30,272.2302711295066,48.7776210830021,352.1072796934824,274.19354838709813,288.6925795053004,208.77192982456555,237.38601823708683
40,348.94056101065604,47.85439790210436,325.7425742574232,428.3018867924469,368.30985915492806,337.49999999999795,284.8484848484841
50,367.0620864242479,88.60083096335282,217.6895306859248,393.33333333332735,493.4065934065859,353.6082474226767,377.27272727272504
60,446.32288880849944,73.21115119907302,338.66171003716516,562.6984126984037,475.4385964912174,434.5454545454462,420.27027027026486
70,331.98503878171647,117.37786186746042,251.61290322580015,353.45345345345106,158.67507886435789,497.93814432989103,398.2456140350823
80,236.2853661689847,247.77752094901234,539.1752577319482,70.94017094017536,4.000000000000895,538.0597014925246,29.251700680274368
90,389.7070690540272,98.21874610850045,247.2222222222146,429.0519877675767,308.45070422534315,519.1950464396214,444.6153846153801
100,562.9650521484625,119.38542017845663,410.2639296187593,677.7777777777642,430.8219178082086,685.7142857142695,610.2473498233112
