epoch,eval_reward_mean,eval_reward_std,eval_reward_1,eval_reward_2,eval_reward_3,eval_reward_4,eval_reward_5
10,2315.916999500221,23.812018774603704,2295.0082873070523,2344.410308037438,2295.8865498269934,2345.6702233046603,2298.609629024963
20,2148.8012880799224,72.21615468122384,2143.7433851882224,2116.9544323833734,2260.6635896380844,2041.6318814588114,2181.01315173112
30,2299.0139002295796,0.8339594383542305,2298.8559026039716,2297.731296016702,2300.3545829069194,2299.01394514893,2299.1137744713756
40,2317.5894879237876,19.314336499490366,2356.1567301589084,2306.65797062561,2307.482902644005,2307.704807958382,2309.945028232032
50,2381.7080826149413,23.371097507164304,2413.561452167257,2364.6195263584154,2360.9244974508633,2362.6458253501255,2406.7891117480444