epoch,eval_reward_mean,eval_reward_std,eval_reward_1,eval_reward_2,eval_reward_3,eval_reward_4,eval_reward_5
10,207.83318924605518,19.765091304138423,207.69230769230998,229.89690721649475,205.03144654088325,173.01587301587708,223.52941176471074
20,144.44079372208023,100.73899325983432,-33.95867158671285,229.50191570880614,218.88544891641322,99.30069930070334,208.4745762711913
30,133.43429167583287,166.55959278345082,-37.99198606271727,186.19528619529146,393.7238493723843,-57.29537366548124,182.53968253968696
40,345.14813820421193,84.03886541367038,391.0394265232939,278.4722222222246,406.41025641025027,434.88372093022303,214.93506493506789
50,316.3262628418819,171.40750819397985,355.1495016611241,405.57620817842707,388.5993485341945,-20.634920634921283,452.94117647058494
60,323.26626437202265,132.72152052490918,240.13605442177138,253.69774919614574,403.54609929077884,176.09427609428113,542.8571428571363
70,414.2154203213437,120.81929136922327,396.50349650349557,300.7220216606383,283.2116788321086,481.08108108107587,609.5588235294002
80,142.05254872637607,113.58634042320591,-70.14925373134363,246.66666666665958,214.02439024390713,196.7479674796793,122.97297297297791
90,332.1564657248292,123.60550709253882,215.28662420382625,379.31034482757957,501.5037593984878,166.4359861591742,398.24561403507846
100,435.40331339581445,79.27802991035092,294.9843260187992,499.9999999999917,520.3389830508373,419.0311418685022,442.6621160409419
