epoch,eval_reward_mean,eval_reward_std,eval_reward_1,eval_reward_2,eval_reward_3,eval_reward_4,eval_reward_5
10,2113.8079641801723,247.22732734594325,1856.2642042845962,2138.4287171116016,2298.041188097745,2457.1705346143676,1819.1351767925514
20,2192.0261217584125,48.960387843240504,2271.6342098780233,2195.8297477389565,2206.993391296658,2159.7252541556813,2125.948005722743
30,2273.780974961475,10.200587697136337,2265.9954246909447,2292.267652144216,2276.9628774994476,2269.2263162691743,2264.4526042035927
40,2148.358745184632,114.57029767260812,2102.4894767456244,2006.4638547630937,2248.5343295171974,2070.6569647369734,2313.6491001602717
50,2266.4457215614484,14.58353969536576,2250.7107977505934,2292.0504376159442,2268.581885514637,2266.907035772783,2253.978451153284
