epoch,eval_reward_mean,eval_reward_std,eval_reward_1,eval_reward_2,eval_reward_3,eval_reward_4,eval_reward_5
10,194.5966061513881,1.7943179606599546,195.98790480280036,195.957102569107,193.0479549641715,196.13852717516446,191.85154124569715
20,309.0325985548326,3.2193610239170427,305.77371514932616,307.9377594217876,308.33181751753307,315.2161692547422,307.9035314307742
30,273.1595415230164,0.2563868929751547,272.85225075524096,272.98488750594186,273.1506697090182,273.2009763230943,273.6089233217865
40,506.026779645522,1.2945289193164295,503.838635480663,507.5641431698028,505.59922769955585,506.08461296016304,507.0472789174255
50,604.9227898211724,0.34664307743175643,605.5411395180533,604.679860300855,604.6491441341477,604.672685319627,605.0711198331792
60,655.4087065045237,11.605827894955691,660.7488091187413,656.1580803294585,645.1181577133367,641.2353671479663,673.7831182131158
70,638.6531356136138,4.826566273063383,635.1585011134803,644.3561575417596,641.6082150367913,631.0874985382693,641.0553058377685
80,654.7411228075084,0.91472328114112,655.3536443301819,653.9774930039312,654.3927602734451,653.770368905326,656.2113475246578
90,626.2842323207494,2.144065385998436,626.7877228722962,623.43574627955,625.063114859694,626.2277239300981,629.9068536621085
100,315.78051195842363,1.850569710694376,314.2714609446182,316.157160542712,317.31643526937506,313.1025177661815,318.05498526923145
