epoch,loss,eval_reward_mean,eval_reward_std,eval_reward_1,eval_reward_2,eval_reward_3,eval_reward_4,eval_reward_5
10,8852.962318572998,1853.137591260118,0.0,1853.137591260118,1853.137591260118,1853.137591260118,1853.137591260118,1853.137591260118
20,17145.172454910276,1937.163426833645,2.2737367544323206e-13,1937.1634268336447,1937.1634268336447,1937.1634268336447,1937.1634268336447,1937.1634268336447
30,17089.19726379394,2306.1833243344163,0.0,2306.1833243344163,2306.1833243344163,2306.1833243344163,2306.1833243344163,2306.1833243344163
40,10585.508222732544,2493.779784976766,0.0,2493.779784976766,2493.779784976766,2493.779784976766,2493.779784976766,2493.779784976766
50,7186.387731046676,2268.072443033829,0.0,2268.072443033829,2268.072443033829,2268.072443033829,2268.072443033829,2268.072443033829
