epoch,loss,eval_reward_mean,eval_reward_std,eval_reward_1,eval_reward_2,eval_reward_3,eval_reward_4,eval_reward_5
10,8548.999880065918,2012.1399569054684,0.0,2012.1399569054684,2012.1399569054684,2012.1399569054684,2012.1399569054684,2012.1399569054684
20,17945.686025543215,2264.5876379375018,0.0,2264.5876379375018,2264.5876379375018,2264.5876379375018,2264.5876379375018,2264.5876379375018
30,18563.474639053347,2292.9356297007503,0.0,2292.9356297007503,2292.9356297007503,2292.9356297007503,2292.9356297007503,2292.9356297007503
40,12501.548061027524,2248.9738581794895,0.0,2248.9738581794895,2248.9738581794895,2248.9738581794895,2248.9738581794895,2248.9738581794895
50,7049.584636197091,2288.139596908337,0.0,2288.139596908337,2288.139596908337,2288.139596908337,2288.139596908337,2288.139596908337
