epoch,loss,eval_reward_mean,eval_reward_std,eval_reward_1,eval_reward_2,eval_reward_3,eval_reward_4,eval_reward_5
10,8933.040547637938,2157.9986861518296,0.0,2157.9986861518296,2157.9986861518296,2157.9986861518296,2157.9986861518296,2157.9986861518296
20,10795.481635665894,1769.6243497084502,2.2737367544323206e-13,1769.6243497084504,1769.6243497084504,1769.6243497084504,1769.6243497084504,1769.6243497084504
30,15464.601710739134,2219.481174838076,0.0,2219.481174838076,2219.481174838076,2219.481174838076,2219.481174838076,2219.481174838076
40,9406.981805286408,2269.426680715526,0.0,2269.426680715526,2269.426680715526,2269.426680715526,2269.426680715526,2269.426680715526
50,6829.118361148833,2261.542962755645,0.0,2261.542962755645,2261.542962755645,2261.542962755645,2261.542962755645,2261.542962755645
