epoch,loss,eval_reward_mean,eval_reward_std,eval_reward_1,eval_reward_2,eval_reward_3,eval_reward_4,eval_reward_5
10,3.083375137681505,172.99200361078226,1.3831495421375606,171.06487512048324,174.27890929717233,174.84357389396874,172.25677497074184,172.51588477154516
20,1.3871196639211845,167.69587484917943,3.0670774671397925,162.41700385169858,170.80418751483322,167.17763698734683,167.36346774791394,170.71707814410456
30,0.9695112492065527,142.85140611930868,2.354510529015392,145.92628443585053,140.90690435336188,140.34646366044421,141.63301557876994,145.44436256811687
40,0.7284950224588101,137.1242543590393,6.958783687866198,133.2966035491579,132.35612424914189,133.99454473577663,135.0434887555801,150.9305105055399
50,0.9473007334279828,127.57567295665055,0.917228987714289,128.21349104235358,126.36161173745448,127.37959854771448,126.96455890709348,128.95910454863676
60,0.42376153320612503,142.19472807708857,0.692236049944385,141.87849619895067,141.52850657130955,142.02464706894244,143.53224580248735,142.00974474375283
70,0.4615154710254865,152.3706821611075,2.176910632378589,151.87888615900883,153.89660621468096,151.06965556813702,149.3899618498867,155.61830101382404
80,0.23481753752668738,148.76192684463734,1.6986347854572676,148.50595710693636,148.2102565415019,152.06842250358588,147.48178422550362,147.54321384565893
90,0.30299606743996266,150.94297585431428,0.6937612528465634,150.70242281363528,150.01063571249185,151.08297881894967,152.13999702186766,150.77884490462705
100,0.7984249964915217,132.40788848013835,0.43707431096842214,132.59189652987453,133.10522907883077,132.44695592633568,131.8772612074158,132.01809965823495
