epoch,loss,eval_reward_mean,eval_reward_std,eval_reward_1,eval_reward_2,eval_reward_3,eval_reward_4,eval_reward_5
10,8979.443110351564,2096.6842455834635,0.0,2096.6842455834635,2096.6842455834635,2096.6842455834635,2096.6842455834635,2096.6842455834635
20,18989.075323638914,2140.803031534729,0.0,2140.803031534729,2140.803031534729,2140.803031534729,2140.803031534729,2140.803031534729
30,13515.67847854614,2265.8280213298253,0.0,2265.8280213298253,2265.8280213298253,2265.8280213298253,2265.8280213298253,2265.8280213298253
40,11358.1376089859,2290.363022408409,0.0,2290.363022408409,2290.363022408409,2290.363022408409,2290.363022408409,2290.363022408409
50,7664.423996772767,2247.280156857375,0.0,2247.280156857375,2247.280156857375,2247.280156857375,2247.280156857375,2247.280156857375
