epoch,loss,eval_reward_mean,eval_reward_std,eval_reward_1,eval_reward_2,eval_reward_3,eval_reward_4,eval_reward_5
10,8408.402084197998,2316.8561790028216,0.0,2316.8561790028216,2316.8561790028216,2316.8561790028216,2316.8561790028216,2316.8561790028216
20,12581.857536087035,2129.119639248676,0.0,2129.119639248676,2129.119639248676,2129.119639248676,2129.119639248676,2129.119639248676
30,17342.029651184082,2261.2598468589213,0.0,2261.2598468589213,2261.2598468589213,2261.2598468589213,2261.2598468589213,2261.2598468589213
40,10788.027850818633,2294.9211009206283,0.0,2294.9211009206283,2294.9211009206283,2294.9211009206283,2294.9211009206283,2294.9211009206283
50,6992.272189388275,2250.161002637539,0.0,2250.161002637539,2250.161002637539,2250.161002637539,2250.161002637539,2250.161002637539
