epoch,loss,eval_reward_mean,eval_reward_std,eval_reward_1,eval_reward_2,eval_reward_3,eval_reward_4,eval_reward_5
10,140.49121520409804,2253.2904664986972,0.0,2253.2904664986972,2253.2904664986972,2253.2904664986972,2253.2904664986972,2253.2904664986972
20,177.38033173103332,2298.9759491404134,0.0,2298.9759491404134,2298.9759491404134,2298.9759491404134,2298.9759491404134,2298.9759491404134
30,145.86721634464263,2226.8048123384833,0.0,2226.8048123384833,2226.8048123384833,2226.8048123384833,2226.8048123384833,2226.8048123384833
40,136.76376850528717,2079.433035302443,0.0,2079.433035302443,2079.433035302443,2079.433035302443,2079.433035302443,2079.433035302443
50,132.09791495685576,2326.157586638021,0.0,2326.157586638021,2326.157586638021,2326.157586638021,2326.157586638021,2326.157586638021
