epoch,loss,eval_reward_mean,eval_reward_std,eval_reward_1,eval_reward_2,eval_reward_3,eval_reward_4,eval_reward_5
10,146.21365018795112,2304.625031472228,0.0,2304.625031472228,2304.625031472228,2304.625031472228,2304.625031472228,2304.625031472228
20,174.4225517091751,2057.605312260769,0.0,2057.605312260769,2057.605312260769,2057.605312260769,2057.605312260769,2057.605312260769
30,157.26595446624756,2132.7551270948343,0.0,2132.7551270948343,2132.7551270948343,2132.7551270948343,2132.7551270948343,2132.7551270948343
40,140.28535441226958,2148.978554674492,0.0,2148.978554674492,2148.978554674492,2148.978554674492,2148.978554674492,2148.978554674492
50,149.57334004898073,2274.1717340172786,0.0,2274.1717340172786,2274.1717340172786,2274.1717340172786,2274.1717340172786,2274.1717340172786
