epoch,loss,eval_reward_mean,eval_reward_std,eval_reward_1,eval_reward_2,eval_reward_3,eval_reward_4,eval_reward_5
10,0.023388568819940746,104.4900090609234,4.855759461071208,108.41890928187333,105.88893680999043,103.36133703595084,109.11383751893423,95.66702465786815
20,0.02809818036900833,177.31362938011495,9.282337371549138,184.23133627109752,170.72899870389483,190.23763277930965,177.1924685315468,164.1777106147259
30,0.14541975429486484,276.4923559344746,1.1460956196989849,277.11696354875573,277.06917304495414,277.8582113894013,275.79343727935213,274.6239944099096
40,0.35366685131415726,487.35189822274924,41.30183290727716,488.82168258773896,482.6808010191227,425.16623624729635,484.6869156449131,555.4038556146749
50,0.7684414570506662,454.7489334666461,0.3733998685485557,454.45430107721705,455.34238785001185,454.30108995142155,454.9758801779243,454.67100827665575
60,1.131118630240485,506.9211094535723,29.6485044065384,492.12849179025403,547.0223480177953,535.4747045970172,467.69444854051585,492.285554322279
70,1.5887876730121673,583.3043353520686,47.666220344780456,548.2404795207135,539.1432492503133,643.8940141299397,639.183332929297,546.0606009300801
80,2.1545114463884385,814.0318134408822,55.09237763143817,859.7117024593615,746.4407481710706,859.4641256694354,857.8586949670417,746.6837959375016
90,2.548386931300908,533.3300188272038,42.29777517966962,511.218497130212,512.3290364223107,512.8386134401188,512.3450342488609,617.9189128945166
100,3.666394012110308,750.1303268973049,3.8234924033494417,749.8904457127818,750.283396061756,756.0262824171976,743.9562649694576,750.4952453253313
