epoch,loss,eval_reward_mean,eval_reward_std,eval_reward_1,eval_reward_2,eval_reward_3,eval_reward_4,eval_reward_5
10,127.21906197980016,2137.977541842124,0.0,2137.977541842124,2137.977541842124,2137.977541842124,2137.977541842124,2137.977541842124
20,212.3543986726761,2028.8279395880377,2.2737367544323206e-13,2028.827939588038,2028.827939588038,2028.827939588038,2028.827939588038,2028.827939588038
30,235.57568482494355,2234.938013417662,0.0,2234.938013417662,2234.938013417662,2234.938013417662,2234.938013417662,2234.938013417662
40,195.61401664829253,2094.81028790424,0.0,2094.81028790424,2094.81028790424,2094.81028790424,2094.81028790424,2094.81028790424
50,190.59587395076753,2044.723689361997,2.2737367544323206e-13,2044.7236893619972,2044.7236893619972,2044.7236893619972,2044.7236893619972,2044.7236893619972
