epoch,loss,eval_reward_mean,eval_reward_std,eval_reward_1,eval_reward_2,eval_reward_3,eval_reward_4,eval_reward_5
10,125.6399719360108,2263.166188608424,0.0,2263.166188608424,2263.166188608424,2263.166188608424,2263.166188608424,2263.166188608424
20,169.08439397354127,2138.6824243775754,0.0,2138.6824243775754,2138.6824243775754,2138.6824243775754,2138.6824243775754,2138.6824243775754
30,200.1553356153488,2067.5534561878917,0.0,2067.5534561878917,2067.5534561878917,2067.5534561878917,2067.5534561878917,2067.5534561878917
40,196.21069240093232,2238.148360630712,0.0,2238.148360630712,2238.148360630712,2238.148360630712,2238.148360630712,2238.148360630712
50,195.46920202522278,2238.5961462715886,0.0,2238.5961462715886,2238.5961462715886,2238.5961462715886,2238.5961462715886,2238.5961462715886
