epoch,loss,eval_reward_mean,eval_reward_std,eval_reward_1,eval_reward_2,eval_reward_3,eval_reward_4,eval_reward_5
10,4.402546004353764,63.797324583693104,135.80545473885618,-10.769230769231582,-14.4736842105271,-2.9126213592235115,334.7826086956492,12.359550561798502
20,14.341401625204087,345.2139582773267,314.50534278491546,302.3904382469962,762.1908127208355,46.25850340136377,-29.032258064516913,644.2622950819552
30,25.794580435132982,471.403561824626,124.40108146123038,592.0731707316967,280.79470198675676,385.0299401197559,607.9037800687167,491.2162162162038
40,36.788031187009814,356.91904777247805,172.88953984910037,314.79099678455293,673.4627831715056,229.8611111111042,182.05128205128628,384.4290657439413
50,45.548408378505705,560.5109789980331,299.5088436895209,919.1999999999838,717.8913738019046,35.71428571428873,465.7492354740033,663.9999999999856
60,62.992668426418305,811.0991513436959,123.05079690111378,911.69999999999,907.999999999988,906.7999999999898,619.471947194715,709.5238095237962
70,86.33196540412902,649.7805301820384,326.8768325023995,925.8999999999946,915.4999999999827,906.7999999999815,283.87096774192173,216.83168316831126
80,117.35676637802123,754.2175391032167,234.86206544528534,918.9999999999851,913.0999999999918,908.7999999999802,308.7591240875751,721.4285714285522
90,142.26210014915466,825.2626382400497,84.47904089852224,917.999999999982,770.8609271523072,867.9487179486998,882.269503546084,687.2340425531753
100,145.68197160377503,824.8439451314567,138.5340976355041,921.9999999999878,905.6999999999806,886.2542955326248,859.3220338982883,550.9433962264018
