epoch,loss,eval_reward_mean,eval_reward_std,eval_reward_1,eval_reward_2,eval_reward_3,eval_reward_4,eval_reward_5
10,5.852223576008083,-65.73745850369362,12.7054708328302,-75.77854671280271,-43.33333333333411,-77.1241830065358,-72.31833910034621,-60.13289036544928
20,13.258210711336137,321.8913847568366,178.84742136632755,389.05109489050994,234.51957295373708,293.7282229965177,76.05633802817364,616.1016949152445
30,19.75161084692478,439.9704735376051,126.79330399847699,290.1515151515082,595.652173913032,398.3498349834883,332.6923076922943,583.0065359477027
40,24.51533363676071,438.37857906700026,141.78287186560237,470.4697986577102,618.6440677965971,245.76271186439843,550.3496503496423,306.6666666666532
50,29.141887488365175,591.4300642006999,136.0490369898983,800.3436426116689,443.1654676258848,444.48398576512,606.2706270626968,662.8865979381288
60,37.541972580194475,525.7558283889454,232.4183332514308,911.6999999999854,224.59016393441894,401.7064846416333,460.89743589743523,629.8850574712537
70,56.83373491859436,892.1330367374296,19.57484850469317,905.3999999999799,904.2999999999843,901.0999999999813,853.4883720930131,896.3768115941893
80,82.17717332410813,668.1121779495088,227.64038239911258,881.1320754716834,856.2289562289362,820.7547169811198,420.3761755485788,362.06896551722576
90,104.46386989994049,727.5321442276048,117.72081521638388,823.8754325259405,562.3794212218584,873.4219269102861,754.1033434650315,623.8805970149077
100,130.26022162265778,917.8199999999881,6.8253644591336595,930.5999999999877,918.0999999999906,915.7999999999846,913.7999999999931,910.7999999999839
