epoch,loss,eval_reward_mean,eval_reward_std,eval_reward_1,eval_reward_2,eval_reward_3,eval_reward_4,eval_reward_5
10,148.85840576080506,2305.5413107593986,0.0,2305.5413107593986,2305.5413107593986,2305.5413107593986,2305.5413107593986,2305.5413107593986
20,171.82582076396943,1980.9986327807478,0.0,1980.9986327807478,1980.9986327807478,1980.9986327807478,1980.9986327807478,1980.9986327807478
30,148.24064840488433,2059.121780674376,0.0,2059.121780674376,2059.121780674376,2059.121780674376,2059.121780674376,2059.121780674376
40,121.34718311767578,2194.422510231922,0.0,2194.422510231922,2194.422510231922,2194.422510231922,2194.422510231922,2194.422510231922
50,124.45122432880402,2150.4076449763484,0.0,2150.4076449763484,2150.4076449763484,2150.4076449763484,2150.4076449763484,2150.4076449763484
