epoch,loss,eval_reward_mean,eval_reward_std,eval_reward_1,eval_reward_2,eval_reward_3,eval_reward_4,eval_reward_5
10,43.29832173169492,2154.619566525841,161.64487410753625,2028.6016208192455,2007.4340423228919,2035.3946053833438,2381.5469497717904,2320.1206143319346
20,143.57956372213363,2265.7000152736514,17.08683602002262,2269.2577094873063,2276.689644083047,2279.5570437059537,2232.3804408131937,2270.6152382787573
30,120.78440989933014,2355.218247464982,8.855715274494248,2371.6057600078984,2352.057943515313,2345.4280023717597,2355.9313412001657,2351.0681902297747
40,116.93305116214752,2121.1211705894993,177.2038722610286,1822.6961537894347,2318.4456742262437,2045.5645629330304,2147.405628921978,2271.493833076811
50,125.51300584201813,2342.5944464233544,10.066903601933777,2361.5454736314223,2340.6563620546885,2334.893218623833,2342.4746780383434,2333.4024997684846
