epoch,loss,eval_reward_mean,eval_reward_std,eval_reward_1,eval_reward_2,eval_reward_3,eval_reward_4,eval_reward_5
10,0.0013416237861998428,160.7709703557673,0.8488765594327994,160.19947039961895,160.63114841341343,162.1984417970619,161.10668405746597,159.71910711127623
20,0.09801160293269204,257.41657616803707,75.90370206888062,220.04277922772764,381.54247499122755,169.88866721571634,211.213790190064,304.39516921544987
30,0.7395219540122896,540.2686146877985,4.428793868127908,542.8806878667986,542.8104415130687,534.0568814471952,545.5746711563024,536.0203914556279
40,1.1160111267935484,808.7349159336926,0.3928526898197112,808.6934001644988,808.2436755585658,808.3750028483892,809.163099673667,809.1994014233425
50,2.313544750669971,827.8974907123657,5.176510785862773,820.5247916138625,832.4615013988376,829.470066137439,823.2449944401633,833.7860999715258
60,3.690086303207651,578.9518724308427,10.057466475401787,572.351203767235,585.8913357190443,574.6335798879074,594.8605353141801,567.0227074658471
70,5.088678590403124,513.2555772515741,15.977441482493706,522.0543989851335,485.9866418619357,526.9397102802874,526.9770886165469,504.3200465139669
80,6.117702307008952,794.8574372009932,61.08080640856394,844.7813639702367,736.5322897799845,839.9528696650657,705.6115560851289,847.4091065045503
90,7.658703601697087,636.7633671975254,80.90584695790564,668.0383526069656,689.3662884799713,684.6330794009988,475.9860240133969,665.7930914862944
100,8.499335780844838,328.4913501677798,38.63116426143207,403.8788554670644,300.03956768126045,324.96431681030265,304.098394772777,309.4756161074942
