epoch,loss,eval_reward_mean,eval_reward_std,eval_reward_1,eval_reward_2,eval_reward_3,eval_reward_4,eval_reward_5
10,0.0006023976524574719,6.798129617942244,8.35641683822113,0.057870213110355624,0.03542263428094282,14.925389906178207,0.06574537147547628,18.90621996466624
20,0.025369834500896103,18.325523165317243,36.240003789451954,0.7512724909028123,0.006844704931961992,2.8807753949379275e-05,90.80332889206875,0.06614093092873632
30,0.07288777577076107,0.01148183358188656,0.02059037584105569,0.004234343309431983,0.0006233756414006079,0.05254200271018152,4.788205655331147e-09,9.441460213032759e-06
40,0.06085162014467642,0.2303012077698175,0.4390141272755972,1.107991589410097,7.774626037359665e-06,0.033339411438451566,0.010167232658568273,3.0715933343195215e-08
50,0.061913572799274695,3.386206903357192,6.113336586916809,15.567395496889501,1.3611018003610595,0.0025335480377413444,3.2162056889044915e-06,4.5529196717653324e-07
60,0.07900120008629746,0.0029838352084619476,0.005892407469167783,0.01476807446513564,0.0001505588551396957,5.414369675507116e-07,4.052013222047013e-10,8.798655309108533e-10
70,0.0927505323217716,11.246912331459741,21.541200836335175,5.759281889247248e-07,54.32053517964136,0.8354347090197145,1.0842449847849346e-09,1.0785911916251956
80,0.13940158318674659,1.0328395374507549,1.473001929528438,2.0321629180960896e-05,1.3684051512151154,0.01294778348695268,3.7828244301312344,7.912911634575483e-10
90,0.1604015437565744,7.47610997426752e-06,1.4895871724184135e-05,3.726776657822038e-05,9.697775720917926e-08,1.465225534406162e-11,1.8949858878627997e-10,1.560138506391288e-08
100,0.1426612544372445,7.4361311215203925,14.003163562541628,3.586992919142234e-08,35.41362510298717,0.04430866830988287,0.0512721134690389,1.671449686965946
