epoch,loss,eval_reward_mean,eval_reward_std,eval_reward_1,eval_reward_2,eval_reward_3,eval_reward_4,eval_reward_5
10,41.7687036880714,2213.942212271908,76.98448378059548,2150.17978102724,2211.7461690071123,2246.071385200951,2121.408041929229,2340.3056841950065
20,107.1663164358139,2175.471485549382,134.15968341585423,2116.7257361105253,2294.798592711737,2102.0617645257803,1999.0841203007558,2364.6872140981122
30,86.93869509544372,2184.0230616845834,123.88092855522153,2359.9605341581946,2033.5405765086991,2194.9562937131686,2060.112673904134,2271.545230138721
40,74.54995291519165,2017.6124224488872,169.68383582302167,2150.2534837282346,1930.3938481242005,1865.998883511886,1858.4141014920497,2283.001795388066
50,75.18736187171936,2222.7745327182793,109.00503601425622,2287.1597440846726,2198.7672273054986,2396.3608816728247,2086.9297001423843,2144.655110386015
