epoch,loss,eval_reward_mean,eval_reward_std,eval_reward_1,eval_reward_2,eval_reward_3,eval_reward_4,eval_reward_5
10,39.74608477701446,2010.3407095128446,168.46180916031037,2226.0957557279517,2024.7512788684583,1730.6316682475278,1946.583958092858,2123.6408866274264
20,92.75888774023056,2203.768811128911,110.91693255975696,2007.339746586361,2259.316321368164,2334.4651228032917,2172.0542939883385,2245.6685708983964
30,93.38302879257202,2167.864692763197,217.70614118055312,1747.975742205193,2328.153480258627,2342.6471628189825,2230.7022075893074,2189.8448709438767
40,105.20521786346436,2126.843250954938,113.52215160538243,2133.2837792542823,1977.487381527885,2306.5222976974273,2176.0165368304665,2040.9062594646289
50,100.49959244670868,2134.149400777529,102.52030331424636,2150.7166901880296,2104.5051253727056,1954.2404036227015,2244.956069592058,2216.328715112151
