epoch,loss,eval_reward_mean,eval_reward_std,eval_reward_1,eval_reward_2,eval_reward_3,eval_reward_4,eval_reward_5
10,0.0050736677603393215,154.0693899084588,0.7466660230627704,153.9708076384318,153.2913682619053,154.58221489597992,155.21132040884902,153.29123833712782
20,0.23762382098217494,302.90709705998677,41.89062242709984,230.5546497186512,293.57051775084193,358.04915714565004,321.61451905132725,310.74664163346324
30,0.2886463972363621,268.7968567541835,4.814648764472478,274.6102820876998,270.5655834277351,260.18463143492374,270.7745886977772,267.84919812278156
40,0.35764609674122183,290.8417364317155,20.10925752375244,261.1583230436085,308.8940610953461,309.17772281627174,272.3857530543935,302.59282214895785
50,0.36270356050394476,349.3921576056767,44.27002687057048,333.02906059836846,437.40273843426206,324.2206962919131,320.1562169000229,332.15207580381673
60,0.44799517853185533,448.4081150664679,8.756397837954033,444.9677692863859,454.6295354253213,461.2659048470077,435.83365040272105,445.3437153709035
70,0.6916496462319046,454.73553710004217,0.9416759156891326,455.6998627581092,454.44810121446375,453.564788912588,454.00047218779264,455.96446042725694
80,1.0682593016531319,810.7679392951616,5.91447645567405,801.8563172351257,805.4729636052494,815.8454953594152,815.3251529250756,815.3397673509422
90,1.3756662204407155,668.8025940939572,3.88439041030108,668.7705224111397,661.428963591638,670.3214454283227,670.8985016507685,672.5935373879173
100,1.9105854180019348,702.8855960962336,0.2391906658184302,702.4973158497364,703.1104118868782,702.7424356842182,702.946029912703,703.1317871476323
