epoch,loss,eval_reward_mean,eval_reward_std,eval_reward_1,eval_reward_2,eval_reward_3,eval_reward_4,eval_reward_5
10,1.8914929433605483,-38.61856439215885,13.341042772943352,-29.629629629630383,-47.5409836065581,-24.914675767918784,-30.555555555556314,-60.45197740113066
20,8.579937282595038,232.11781599447573,240.07880013050274,-46.666666666667446,442.58675078863644,539.9999999999848,258.42293906809124,-33.753943217666375
30,39.430543902850154,328.21564575353807,343.4906763734134,900.3999999999896,244.70989761091195,51.40845070422937,-57.44680851063908,502.00668896319837
40,70.87614760131837,339.5738482723348,133.2930680232456,261.6352201257737,433.07392996107427,208.19672131147993,555.677655677642,239.28571428570427
50,78.42370544328689,455.82131453489563,235.89868141451342,746.4285714285542,439.4736842105119,513.2404181184543,29.96389891696993,549.9999999999877
60,89.29327816267013,645.5817973648177,111.09231216721417,717.4603174603045,578.5714285714196,458.9353612167161,717.869415807545,755.0724637681034
70,100.6439380039215,630.6191176830846,228.31883920630503,908.599999999986,902.4999999999908,373.3096085409097,499.3975903614361,469.2883895131004
80,94.53533981323243,635.5372546305009,161.6934309861933,733.9483394833812,614.2857142857044,877.611940298493,550.1901140684246,401.6501650165015
90,92.58648725719452,779.1056709475005,226.617110607546,911.5999999999804,905.4999999999812,901.9999999999807,848.2758620689505,328.1524926686098
100,92.53881945991516,913.6199999999848,4.729228266851901,920.4999999999834,917.4999999999852,912.6999999999828,908.9999999999845,908.3999999999882
