epoch,loss,eval_reward_mean,eval_reward_std,eval_reward_1,eval_reward_2,eval_reward_3,eval_reward_4,eval_reward_5
10,42.469229001223205,2282.030614761618,0.40153023282925737,2281.9646725863,2282.4891157856023,2281.311101669273,2282.0930660176773,2282.2951177492378
20,119.15270626745225,2198.995053642814,145.29901142875553,2044.0711617845438,2215.0010528091875,2366.533522698526,2022.1690707975738,2347.2004601242384
30,174.51504253311157,2023.5905706262952,173.62486131600065,2039.9299672326483,1866.8913316599615,1906.4417870687917,1953.5646641705337,2351.1251029995406
40,190.82548458862306,2006.9166089621472,78.16741067395533,1970.1778493399856,1922.07662203828,2130.3183525043655,2064.2009378456332,1947.8092830824714
50,180.60258222732543,2249.025605133209,90.44005570460477,2317.4158299725123,2277.757551366106,2070.9369219758646,2303.6669627968613,2275.3507595547003
