epoch,loss,eval_reward_mean,eval_reward_std,eval_reward_1,eval_reward_2,eval_reward_3,eval_reward_4,eval_reward_5
10,36.33590975186068,1478.4383438680288,77.10720107083895,1521.598303708066,1564.5707327842938,1518.9848392795814,1346.7247076824515,1440.3131358857513
20,87.65997631511688,1949.8422436223718,89.56634353594326,1855.3199894030547,1971.8818279168404,1969.2875001651698,1856.1406358023412,2096.581264824453
30,105.10025765647889,2098.509462628127,159.34606424550873,1958.9427601591703,1858.9763485278695,2224.0589613604434,2258.40791617824,2192.1613269149107
40,109.49273134822846,2291.293660816231,104.4786638792947,2282.3562904641453,2365.0001537061016,2091.477569675659,2355.567514063166,2362.066776172081
50,100.51014156112672,2300.891722801443,88.50392509370597,2466.0981651400143,2235.509152635631,2276.033731062522,2217.753479796107,2309.0640853729396
